1/2/2015,46.66
1/5/2015,46.369999
1/6/2015,46.380001
1/7/2015,45.98
1/8/2015,46.75
1/9/2015,47.610001
1/12/2015,47.419998
1/13/2015,46.970001
1/14/2015,45.959999
1/15/2015,46.220001
1/16/2015,45.310001
1/20/2015,46.299999
1/21/2015,45.939999
1/22/2015,46.380001
1/23/2015,47.360001
1/26/2015,47
1/27/2015,42.950001
1/28/2015,42.740002
1/29/2015,40.93
1/30/2015,41.549999
2/2/2015,40.59
2/3/2015,41.630001
2/4/2015,41.939999
2/5/2015,42.220001
2/6/2015,42.68
2/9/2015,42.240002
2/10/2015,42.740002
2/11/2015,42.650002
2/12/2015,42.66
2/13/2015,43.380001
2/17/2015,43.970001
2/18/2015,43.630001
2/19/2015,43.18
2/20/2015,43.509998
2/23/2015,43.700001
2/24/2015,44.150002
2/25/2015,43.950001
2/26/2015,43.990002
2/27/2015,44.130001
3/2/2015,43.669998
3/3/2015,43.560001
3/4/2015,43.009998
3/5/2015,43.07
3/6/2015,43
3/9/2015,42.189999
3/10/2015,42.349998
3/11/2015,42.310001
3/12/2015,41.330002
3/13/2015,40.700001
3/16/2015,41.470001
3/17/2015,41.369999
3/18/2015,41.43
3/19/2015,42.259998
3/20/2015,42.560001
3/23/2015,42.880001
3/24/2015,42.779999
3/25/2015,42.919998
3/26/2015,41.220001
3/27/2015,41.119999
3/30/2015,41.099998
3/31/2015,40.779999
4/1/2015,40.599998
4/2/2015,40.66
4/6/2015,40.34
4/7/2015,41.610001
4/8/2015,41.459999
4/9/2015,41.25
4/10/2015,41.630001
4/13/2015,41.400002
4/14/2015,41.799999
4/15/2015,41.759998
4/16/2015,41.950001
4/17/2015,41.669998
4/20/2015,41.73
4/21/2015,43
4/22/2015,42.669998
4/23/2015,42.889999
4/24/2015,45.66
4/27/2015,47.23
4/28/2015,47.779999
4/29/2015,48.720001
4/30/2015,48.700001
5/1/2015,48.580002
5/4/2015,48.369999
5/5/2015,47.82
5/6/2015,47.57
5/7/2015,46.27
5/8/2015,47.549999
5/11/2015,47.549999
5/12/2015,46.849998
5/13/2015,48.189999
5/14/2015,48.029999
5/15/2015,48.869999
5/18/2015,47.98
5/19/2015,47.560001
5/20/2015,47.389999
5/21/2015,47.279999
5/22/2015,47.299999
5/26/2015,46.830002
5/27/2015,46.82
5/28/2015,47.5
5/29/2015,47.43
6/1/2015,47.060001
6/2/2015,46.93
6/3/2015,47.369999
6/4/2015,46.790001
6/5/2015,46.310001
6/8/2015,46.299999
6/9/2015,45.759998
6/10/2015,45.790001
6/11/2015,46.66
6/12/2015,46.220001
6/15/2015,45.450001
6/16/2015,45.349998
6/17/2015,45.73
6/18/2015,46.220001
6/19/2015,46.790001
6/22/2015,46.330002
6/23/2015,46.130001
6/24/2015,45.669998
6/25/2015,46.029999
6/26/2015,45.650002
6/29/2015,45.040001
6/30/2015,44.709999
7/1/2015,44.459999
7/2/2015,44.48
7/6/2015,43.959999
7/7/2015,44.34
7/8/2015,44.439999
7/9/2015,44.75
7/10/2015,45.009998
7/13/2015,44.98
7/14/2015,45.450001
7/15/2015,45.68
7/16/2015,46.009998
7/17/2015,46.549999
7/20/2015,46.650002
7/21/2015,46.779999
7/22/2015,45.439999
7/23/2015,45.27
7/24/2015,45.91
7/27/2015,45.939999
7/28/2015,45.580002
7/29/2015,45.400002
7/30/2015,46.259998
7/31/2015,47.290001
8/3/2015,46.98
8/4/2015,46.75
8/5/2015,47.98
8/6/2015,47.709999
8/7/2015,46.389999
8/10/2015,46.950001
8/11/2015,46.82
8/12/2015,46.189999
8/13/2015,47.060001
8/14/2015,46.529999
8/17/2015,46.810001
8/18/2015,46.84
8/19/2015,46.779999
8/20/2015,46.07
8/21/2015,45.299999
8/24/2015,40.450001
8/25/2015,42.57
8/26/2015,42.009998
8/27/2015,43.23
8/28/2015,43.400002
8/31/2015,43.560001
9/1/2015,42.169998
9/2/2015,42.360001
9/3/2015,43.41
9/4/2015,42.810001
9/8/2015,43.299999
9/9/2015,44.209999
9/10/2015,43.119999
9/11/2015,43.139999
9/14/2015,43.43
9/15/2015,43.189999
9/16/2015,43.970001
9/17/2015,44.290001
9/18/2015,43.5
9/21/2015,43.619999
9/22/2015,43.380001
9/23/2015,43.93
9/24/2015,43.450001
9/25/2015,44.48
9/28/2015,43.830002
9/29/2015,43.369999
9/30/2015,43.880001
10/1/2015,44.75
10/2/2015,44.27
10/5/2015,45.75
10/6/2015,46.330002
10/7/2015,47.099998
10/8/2015,46.560001
10/9/2015,47.450001
10/12/2015,46.98
10/13/2015,46.560001
10/14/2015,46.650002
10/15/2015,47.009998
10/16/2015,47.02
10/19/2015,47.419998
10/20/2015,47.439999
10/21/2015,47.919998
10/22/2015,47.529999
10/23/2015,52.299999
10/26/2015,52.529999
10/27/2015,53.990002
10/28/2015,53.540001
10/29/2015,53.540001
10/30/2015,53.32
11/2/2015,52.849998
11/3/2015,52.93
11/4/2015,54.18
11/5/2015,54.490002
11/6/2015,54.09
11/9/2015,54.549999
11/10/2015,54.07
11/11/2015,53.700001
11/12/2015,53.48
11/13/2015,53.07
11/16/2015,53.080002
11/17/2015,53.169998
11/18/2015,53
11/19/2015,53.990002
11/20/2015,54.25
11/23/2015,54.25
11/24/2015,53.919998
11/25/2015,54.09
11/27/2015,53.799999
11/30/2015,54.540001
12/1/2015,54.41
12/2/2015,55.32
12/3/2015,55.490002
12/4/2015,54.119999
12/7/2015,55.790001
12/8/2015,55.470001
12/9/2015,55.369999
12/10/2015,55.389999
12/11/2015,54.709999
12/14/2015,54.330002
12/15/2015,55.66
12/16/2015,55.540001
12/17/2015,56.360001
12/18/2015,55.77
12/21/2015,54.880001
12/22/2015,54.990002
12/23/2015,55.700001
12/24/2015,55.860001
12/28/2015,55.349998
12/29/2015,56.290001
12/30/2015,56.470001
12/31/2015,56.040001
1/4/2016,54.32
1/5/2016,54.93
1/6/2016,54.32
1/7/2016,52.700001
1/8/2016,52.369999
1/11/2016,52.509998
1/12/2016,52.759998
1/13/2016,53.799999
1/14/2016,52
1/15/2016,51.310001
1/19/2016,51.48
1/20/2016,49.98
1/21/2016,51
1/22/2016,51.41
1/25/2016,51.939999
1/26/2016,51.790001
1/27/2016,52.009998
1/28/2016,51.860001
1/29/2016,54.73
2/1/2016,54.880001
2/2/2016,54.169998
2/3/2016,53.25
2/4/2016,52.099998
2/5/2016,51.939999
2/8/2016,49.549999
2/9/2016,49.02
2/10/2016,49.889999
2/11/2016,48.68
2/12/2016,50.25
2/16/2016,50.900002
2/17/2016,51.490002
2/18/2016,52.330002
2/19/2016,51.970001
2/22/2016,52.279999
2/23/2016,52.34
2/24/2016,50.689999
2/25/2016,51.73
2/26/2016,52.599998
2/29/2016,51.349998
3/1/2016,50.970001
3/2/2016,52.41
3/3/2016,52.970001
3/4/2016,52.400002
3/7/2016,51.560001
3/8/2016,50.799999
3/9/2016,51.889999
3/10/2016,52.93
3/11/2016,53
3/14/2016,52.709999
3/15/2016,52.75
3/16/2016,53.450001
3/17/2016,54.209999
3/18/2016,54.919998
3/21/2016,53.25
3/22/2016,53.610001
3/23/2016,54.110001
3/24/2016,53.84
3/28/2016,54.209999
3/29/2016,53.66
3/30/2016,54.93
3/31/2016,54.950001
4/1/2016,55.049999
4/4/2016,55.43
4/5/2016,55.189999
4/6/2016,54.360001
4/7/2016,54.869999
4/8/2016,54.669998
4/11/2016,54.490002
4/12/2016,54.369999
4/13/2016,55.119999
4/14/2016,55.220001
4/15/2016,55.299999
4/18/2016,55.490002
4/19/2016,56.630001
4/20/2016,56.290001
4/21/2016,55.799999
4/22/2016,51.91
4/25/2016,51.779999
4/26/2016,52.259998
4/27/2016,51.48
4/28/2016,50.619999
4/29/2016,49.349998
5/2/2016,50
5/3/2016,50.34
5/4/2016,49.84
5/5/2016,49.869999
5/6/2016,49.919998
5/9/2016,50.490002
5/10/2016,50.330002
5/11/2016,51.130001
5/12/2016,51.200001
5/13/2016,51.439999
5/16/2016,50.799999
5/17/2016,51.720001
5/18/2016,50.48
5/19/2016,50.470001
5/20/2016,50.48
5/23/2016,50.599998
5/24/2016,50.700001
5/25/2016,51.919998
5/26/2016,51.93
5/27/2016,51.919998
5/31/2016,52.259998
6/1/2016,52.439999
6/2/2016,52.639999
6/3/2016,52.380001
6/6/2016,51.990002
6/7/2016,52.240002
6/8/2016,52.02
6/9/2016,52
6/10/2016,51.049999
6/13/2016,49.580002
6/14/2016,49.900002
6/15/2016,49.779999
6/16/2016,49.52
6/17/2016,50.41
6/20/2016,50.639999
6/21/2016,50.200001
6/22/2016,51.080002
6/23/2016,51.279999
6/24/2016,49.810001
6/27/2016,49.099998
6/28/2016,48.919998
6/29/2016,49.91
6/30/2016,50.720001
7/1/2016,51.130001
7/5/2016,50.830002
7/6/2016,50.779999
7/7/2016,51.419998
7/8/2016,51.73
7/11/2016,52.5
7/12/2016,52.939999
7/13/2016,53.560001
7/14/2016,53.84
7/15/2016,53.950001
7/18/2016,53.700001
7/19/2016,53.709999
7/20/2016,56.150002
7/21/2016,55.98
7/22/2016,56.080002
7/25/2016,56.470001
7/26/2016,56.52
7/27/2016,56.610001
7/28/2016,56
7/29/2016,56.259998
8/1/2016,56.599998
8/2/2016,56.849998
8/3/2016,56.68
8/4/2016,56.799999
8/5/2016,57.650002
8/8/2016,58.060001
8/9/2016,58.169998
8/10/2016,58.16
8/11/2016,58.029999
8/12/2016,58.029999
8/15/2016,58.009998
8/16/2016,57.610001
8/17/2016,57.540001
8/18/2016,57.419998
8/19/2016,57.43
8/22/2016,57.599998
8/23/2016,57.900002
8/24/2016,57.799999
8/25/2016,57.880001
8/26/2016,58.279999
8/29/2016,58.18
8/30/2016,57.98
8/31/2016,57.650002
9/1/2016,57.009998
9/2/2016,57.669998
9/6/2016,57.779999
9/7/2016,57.470001
9/8/2016,57.630001
9/9/2016,56.790001
9/12/2016,56
9/13/2016,56.5
9/14/2016,56.389999
9/15/2016,56.150002
9/16/2016,57.630001
9/19/2016,57.27
9/20/2016,57.349998
9/21/2016,57.509998
9/22/2016,57.919998
9/23/2016,57.869999
9/26/2016,57.080002
9/27/2016,56.93
9/28/2016,57.880001
9/29/2016,57.810001
9/30/2016,57.57
10/3/2016,57.41
10/4/2016,57.27
10/5/2016,57.290001
10/6/2016,57.740002
10/7/2016,57.849998
10/10/2016,57.91
10/11/2016,57.889999
10/12/2016,57.110001
10/13/2016,56.700001
10/14/2016,57.119999
10/17/2016,57.360001
10/18/2016,57.529999
10/19/2016,57.470001
10/20/2016,57.5
10/21/2016,60.279999
10/24/2016,59.939999
10/25/2016,60.849998
10/26/2016,60.810001
10/27/2016,60.610001
10/28/2016,60.009998
10/31/2016,60.16
11/1/2016,59.970001
11/2/2016,59.82
11/3/2016,59.529999
11/4/2016,58.650002
11/7/2016,59.779999
11/8/2016,60.549999
11/9/2016,60
11/10/2016,60.48
11/11/2016,58.23
11/14/2016,59.02
11/15/2016,58.330002
11/16/2016,58.939999
11/17/2016,60.41
11/18/2016,60.779999
11/21/2016,60.5
11/22/2016,60.98
11/23/2016,61.009998
11/25/2016,60.299999
11/28/2016,60.34
11/29/2016,60.650002
11/30/2016,60.860001
12/1/2016,60.110001
12/2/2016,59.080002
12/5/2016,59.700001
12/6/2016,60.43
12/7/2016,60.009998
12/8/2016,61.299999
12/9/2016,61.18
12/12/2016,61.82
12/13/2016,62.5
12/14/2016,63
12/15/2016,62.700001
12/16/2016,62.950001
12/19/2016,62.560001
12/20/2016,63.689999
12/21/2016,63.43
12/22/2016,63.84
12/23/2016,63.450001
12/27/2016,63.209999
12/28/2016,63.400002
12/29/2016,62.860001
12/30/2016,62.959999
1/3/2017,62.790001
1/4/2017,62.48
1/5/2017,62.189999
1/6/2017,62.299999
1/9/2017,62.759998
1/10/2017,62.73
1/11/2017,62.610001
1/12/2017,63.060001
1/13/2017,62.619999
1/17/2017,62.68
1/18/2017,62.669998
1/19/2017,62.240002
1/20/2017,62.669998
1/23/2017,62.700001
1/24/2017,63.200001
1/25/2017,63.950001
1/26/2017,64.120003
1/27/2017,65.389999
1/30/2017,65.690002
1/31/2017,64.860001
2/1/2017,64.360001
2/2/2017,63.25
2/3/2017,63.5
2/6/2017,63.5
2/7/2017,63.740002
2/8/2017,63.57
2/9/2017,63.52
2/10/2017,64.25
2/13/2017,64.239998
2/14/2017,64.410004
2/15/2017,64.5
2/16/2017,64.739998
2/17/2017,64.470001
2/21/2017,64.610001
2/22/2017,64.330002
2/23/2017,64.419998
2/24/2017,64.529999
2/27/2017,64.540001
2/28/2017,64.080002
3/1/2017,64.129997
3/2/2017,64.690002
3/3/2017,63.990002
3/6/2017,63.970001
3/7/2017,64.190002
3/8/2017,64.260002
3/9/2017,65.190002
3/10/2017,65.110001
3/13/2017,65.010002
3/14/2017,64.529999
3/15/2017,64.550003
3/16/2017,64.75
3/17/2017,64.910004
3/20/2017,64.910004
3/21/2017,65.190002
3/22/2017,64.120003
3/23/2017,64.940002
3/24/2017,65.360001
3/27/2017,64.629997
3/28/2017,64.959999
3/29/2017,65.120003
3/30/2017,65.419998
3/31/2017,65.650002
4/3/2017,65.809998
4/4/2017,65.389999
4/5/2017,66.300003
4/6/2017,65.599998
4/7/2017,65.849998
4/10/2017,65.610001
4/11/2017,65.599998
4/12/2017,65.419998
4/13/2017,65.290001
4/17/2017,65.040001
4/18/2017,65.330002
4/19/2017,65.650002
4/20/2017,65.459999
4/21/2017,65.669998
4/24/2017,67.480003
4/25/2017,67.900002
4/26/2017,68.080002
4/27/2017,68.150002
4/28/2017,68.910004
5/1/2017,68.68
5/2/2017,69.709999
5/3/2017,69.379997
5/4/2017,69.029999
5/5/2017,68.900002
5/8/2017,68.970001
5/9/2017,68.860001
5/10/2017,68.989998
5/11/2017,68.360001
5/12/2017,68.610001
5/15/2017,68.139999
5/16/2017,68.230003
5/17/2017,68.889999
5/18/2017,67.400002
5/19/2017,67.5
5/22/2017,67.889999
5/23/2017,68.720001
5/24/2017,68.870003
5/25/2017,68.970001
5/26/2017,69.800003
5/30/2017,69.790001
5/31/2017,70.529999
6/1/2017,70.239998
6/2/2017,70.440002
6/5/2017,71.970001
6/6/2017,72.300003
6/7/2017,72.639999
6/8/2017,72.510002
6/9/2017,72.040001
6/12/2017,69.25
6/13/2017,70.019997
6/14/2017,70.910004
6/15/2017,69.269997
6/16/2017,69.730003
6/19/2017,70.5
6/20/2017,70.82
6/21/2017,70.209999
6/22/2017,70.540001
6/23/2017,70.089996
6/26/2017,71.400002
6/27/2017,70.110001
6/28/2017,69.209999
6/29/2017,69.379997
6/30/2017,68.779999
7/3/2017,69.330002
7/5/2017,68.260002
7/6/2017,68.269997
7/7/2017,68.699997
7/10/2017,69.459999
7/11/2017,70
7/12/2017,70.690002
7/13/2017,71.5
7/14/2017,72.239998
7/17/2017,72.800003
7/18/2017,73.089996
7/19/2017,73.5
7/20/2017,74.18
7/21/2017,73.449997
7/24/2017,73.529999
7/25/2017,73.800003
7/26/2017,74.339996
7/27/2017,73.760002
7/28/2017,72.669998
7/31/2017,73.300003
8/1/2017,73.099998
8/2/2017,72.550003
8/3/2017,72.190002
8/4/2017,72.400002
8/7/2017,72.800003
8/8/2017,72.089996
8/9/2017,72.25
8/10/2017,71.900002
8/11/2017,71.610001
8/14/2017,73.059998
8/15/2017,73.589996
8/16/2017,73.339996
8/17/2017,73.580002
8/18/2017,72.269997
8/21/2017,72.470001
8/22/2017,72.349998
8/23/2017,72.959999
8/24/2017,72.739998
8/25/2017,72.860001
8/28/2017,73.059998
8/29/2017,72.25
8/30/2017,73.010002
8/31/2017,74.029999
9/1/2017,74.709999
9/5/2017,73.339996
9/6/2017,73.739998
9/7/2017,73.68
9/8/2017,74.330002
9/11/2017,74.309998
9/12/2017,74.760002
9/13/2017,74.93
9/14/2017,75
9/15/2017,74.830002
9/18/2017,75.230003
9/19/2017,75.209999
9/20/2017,75.349998
9/21/2017,75.110001
9/22/2017,73.989998
9/25/2017,74.089996
9/26/2017,73.669998
9/27/2017,73.550003
9/28/2017,73.540001
9/29/2017,73.940002
10/2/2017,74.709999
10/3/2017,74.669998
10/4/2017,74.089996
10/5/2017,75.220001
10/6/2017,75.669998
10/9/2017,75.970001
10/10/2017,76.330002
10/11/2017,76.360001
10/12/2017,76.489998
10/13/2017,77.589996
10/16/2017,77.419998
10/17/2017,77.470001
10/18/2017,77.669998
10/19/2017,77.57
10/20/2017,78.32
10/23/2017,78.989998
10/24/2017,78.900002
10/25/2017,78.580002
10/26/2017,79.199997
10/27/2017,84.370003
10/30/2017,83.699997
10/31/2017,84.360001
11/1/2017,83.68
11/2/2017,83.349998
11/3/2017,84.080002
11/6/2017,84.199997
11/7/2017,84.769997
11/8/2017,84.139999
11/9/2017,84.110001
11/10/2017,83.790001
11/13/2017,83.660004
11/14/2017,83.5
11/15/2017,83.470001
11/16/2017,83.099998
11/17/2017,83.120003
11/20/2017,82.400002
11/21/2017,82.739998
11/22/2017,83.830002
11/24/2017,83.010002
11/27/2017,83.309998
11/28/2017,84.07
11/29/2017,84.709999
11/30/2017,83.510002
12/1/2017,83.599998
12/4/2017,84.419998
12/5/2017,81.339996
12/6/2017,81.550003
12/7/2017,82.540001
12/8/2017,83.629997
12/11/2017,84.290001
12/12/2017,85.309998
12/13/2017,85.739998
12/14/2017,85.43
12/15/2017,85.260002
12/18/2017,87.120003
12/19/2017,86.349998
12/20/2017,86.199997
12/21/2017,86.050003
12/22/2017,85.400002
12/26/2017,85.309998
12/27/2017,85.650002
12/28/2017,85.900002
12/29/2017,85.629997
1/2/2018,86.129997
1/3/2018,86.059998
1/4/2018,86.589996
1/5/2018,87.660004
1/8/2018,88.199997
1/9/2018,88.650002
1/10/2018,87.860001
1/11/2018,88.129997
1/12/2018,88.669998
1/16/2018,90.099998
1/17/2018,89.080002
1/18/2018,89.800003
1/19/2018,90.139999
1/22/2018,90
1/23/2018,91.900002
1/24/2018,92.550003
1/25/2018,92.470001
1/26/2018,93.120003
1/29/2018,95.139999
1/30/2018,93.300003
1/31/2018,93.75
2/1/2018,94.790001
2/2/2018,93.639999
2/5/2018,90.559998
2/6/2018,86.889999
2/7/2018,90.489998
2/8/2018,89.709999
2/9/2018,86.300003
2/12/2018,88.739998
2/13/2018,88.93
2/14/2018,88.510002
2/15/2018,91.209999
2/16/2018,92.449997
2/20/2018,91.480003
2/21/2018,92.980003
2/22/2018,92.050003
2/23/2018,93.599998
2/26/2018,94.400002
2/27/2018,95.739998
2/28/2018,94.839996
3/1/2018,93.989998
3/2/2018,91.580002
3/5/2018,92.339996
3/6/2018,94.339996
3/7/2018,93.160004
3/8/2018,94.269997
3/9/2018,95.290001
3/12/2018,96.5
3/13/2018,97
3/14/2018,95.120003
3/15/2018,93.529999
3/16/2018,94.68
3/19/2018,93.739998
3/20/2018,93.050003
3/21/2018,92.93
3/22/2018,91.269997
3/23/2018,89.5
3/26/2018,90.610001
3/27/2018,94.940002
3/28/2018,89.82
3/29/2018,90.18
4/2/2018,90.470001
4/3/2018,89.580002
4/4/2018,87.849998
4/5/2018,92.440002
4/6/2018,91.489998
4/9/2018,91.040001
4/10/2018,92.389999
4/11/2018,92.010002
4/12/2018,92.43
4/13/2018,94.050003
4/16/2018,94.07
4/17/2018,95
4/18/2018,96.220001
4/19/2018,96.440002
4/20/2018,95.910004
4/23/2018,95.739998
4/24/2018,96.239998
4/25/2018,93.300003
4/26/2018,93.550003
4/27/2018,97.599998
4/30/2018,96.330002
5/1/2018,93.209999
5/2/2018,94.989998
5/3/2018,92.959999
5/4/2018,93.32
5/7/2018,95.169998
5/8/2018,95.849998
5/9/2018,96.010002
5/10/2018,97.459999
5/11/2018,97.800003
5/14/2018,97.919998
5/15/2018,97.239998
5/16/2018,97.360001
5/17/2018,96.760002
5/18/2018,96.010002
5/21/2018,97
5/22/2018,97.68
5/23/2018,96.709999
5/24/2018,98.730003
5/25/2018,98.300003
5/29/2018,97.839996
5/30/2018,98.309998
5/31/2018,99.290001
6/1/2018,99.279999
6/4/2018,101.260002
6/5/2018,102
6/6/2018,102.480003
6/7/2018,102.650002
6/8/2018,101.089996
6/11/2018,101.010002
6/12/2018,101.099998
6/13/2018,101.720001
6/14/2018,101.650002
6/15/2018,101.510002
6/18/2018,100.010002
6/19/2018,99.650002
6/20/2018,101.370003
6/21/2018,102.080002
6/22/2018,100.410004
6/25/2018,100
6/26/2018,98.82
6/27/2018,99.580002
6/28/2018,97.379997
6/29/2018,98.93
7/2/2018,98.099998
7/3/2018,100.480003
7/5/2018,99.5
7/6/2018,99.889999
7/9/2018,101.650002
7/10/2018,102
7/11/2018,101.150002
7/12/2018,102.769997
7/13/2018,104.370003
7/16/2018,105.400002
7/17/2018,104.610001
7/18/2018,105.940002
7/19/2018,104.93
7/20/2018,108.080002
7/23/2018,106.300003
7/24/2018,108.57
7/25/2018,107.959999
7/26/2018,110.739998
7/27/2018,110.18
7/30/2018,107.190002
7/31/2018,106.489998
8/1/2018,106.029999
8/2/2018,105.400002
8/3/2018,107.800003
8/6/2018,108.120003
8/7/2018,108.559998
8/8/2018,109.330002
8/9/2018,109.709999
8/10/2018,109.419998
8/13/2018,109.239998
8/14/2018,108.559998
8/15/2018,108.489998
8/16/2018,108.300003
8/17/2018,107.360001
8/20/2018,107.510002
8/21/2018,106.919998
8/22/2018,105.849998
8/23/2018,107.150002
8/24/2018,107.669998
8/27/2018,109.269997
8/28/2018,109.940002
8/29/2018,110.449997
8/30/2018,111.669998
8/31/2018,111.690002
9/4/2018,110.849998
9/5/2018,111.010002
9/6/2018,108.25
9/7/2018,108.230003
9/10/2018,108.839996
9/11/2018,108.900002
9/12/2018,111.43
9/13/2018,112.120003
9/14/2018,113.360001
9/17/2018,113.690002
9/18/2018,112.190002
9/19/2018,113.050003
9/20/2018,112.279999
9/21/2018,114
9/24/2018,113.029999
9/25/2018,114.800003
9/26/2018,114.470001
9/27/2018,114.779999
9/28/2018,114.190002
10/1/2018,114.75
10/2/2018,115.300003
10/3/2018,115.419998
10/4/2018,114.610001
10/5/2018,112.629997
10/8/2018,111.660004
10/9/2018,111.139999
10/10/2018,111.239998
10/11/2018,105.349998
10/12/2018,109.010002
10/15/2018,108.910004
10/16/2018,109.540001
10/17/2018,111.68
10/18/2018,110.099998
10/19/2018,108.93
10/22/2018,109.32
10/23/2018,107.769997
10/24/2018,108.410004
10/25/2018,106.550003
10/26/2018,105.690002
10/29/2018,108.110001
10/30/2018,103.660004
10/31/2018,105.440002
11/1/2018,107.050003
11/2/2018,106.480003
11/5/2018,106.370003
11/6/2018,107.379997
11/7/2018,109.440002
11/8/2018,111.800003
11/9/2018,110.849998
11/12/2018,109.419998
11/13/2018,107.550003
11/14/2018,108.099998
11/15/2018,104.989998
11/16/2018,107.080002
11/19/2018,108.269997
11/20/2018,101.800003
11/21/2018,103.599998
11/23/2018,102.169998
11/26/2018,104.790001
11/27/2018,106.269997
11/28/2018,107.889999
11/29/2018,110.330002
11/30/2018,110.699997
12/3/2018,113
12/4/2018,111.940002
12/6/2018,105.82
12/7/2018,108.379997
12/10/2018,104.800003
12/11/2018,109.800003
12/12/2018,110.889999
12/13/2018,109.580002
12/14/2018,108.25
12/17/2018,105.410004
12/18/2018,103.75
12/19/2018,103.650002
12/20/2018,103.050003
12/21/2018,101.629997
12/24/2018,97.68
12/26/2018,95.139999
12/27/2018,99.300003
12/28/2018,102.089996
12/31/2018,101.290001
1/2/2019,99.550003
1/3/2019,100.099998
1/4/2019,99.720001
1/7/2019,101.639999
1/8/2019,103.040001
1/9/2019,103.860001
1/10/2019,103.220001
1/11/2019,103.190002
1/14/2019,101.900002
1/15/2019,102.510002
1/16/2019,105.260002
1/17/2019,105
1/18/2019,107.459999
1/22/2019,106.75
1/23/2019,106.120003
1/24/2019,106.860001
1/25/2019,107.239998
1/28/2019,106.260002
1/29/2019,104.879997
1/30/2019,104.620003
1/31/2019,103.800003
2/1/2019,103.779999
2/4/2019,102.870003
2/5/2019,106.059998
2/6/2019,107
2/7/2019,105.190002
2/8/2019,104.389999
2/11/2019,106.199997
2/12/2019,106.139999
2/13/2019,107.5
2/14/2019,106.309998
2/15/2019,107.910004
2/19/2019,107.790001
2/20/2019,107.860001
2/21/2019,106.900002
2/22/2019,110.050003
2/25/2019,111.760002
2/26/2019,111.260002
2/27/2019,111.690002
2/28/2019,112.040001
3/1/2019,112.889999
3/4/2019,113.019997
3/5/2019,112.25
3/6/2019,111.870003
3/7/2019,111.400002
3/8/2019,109.160004
3/11/2019,110.989998
3/12/2019,112.82
3/13/2019,114.129997
3/14/2019,114.540001
3/15/2019,115.339996
3/18/2019,116.169998
3/19/2019,118.089996
3/20/2019,117.389999
3/21/2019,117.139999
3/22/2019,119.5
3/25/2019,116.559998
3/26/2019,118.620003
3/27/2019,117.879997
3/28/2019,117.440002
3/29/2019,118.07
4/1/2019,118.949997
4/2/2019,119.059998
4/3/2019,119.860001
4/4/2019,120.099998
4/5/2019,119.389999
4/8/2019,119.809998
4/9/2019,118.629997
4/10/2019,119.760002
4/11/2019,120.540001
4/12/2019,120.639999
4/15/2019,120.940002
4/16/2019,121.639999
4/17/2019,121.239998
4/18/2019,122.190002
4/22/2019,122.620003
4/23/2019,124.099998
4/24/2019,125.790001
4/25/2019,130.059998
4/26/2019,129.699997
4/29/2019,129.899994
4/30/2019,129.809998
5/1/2019,130.529999
5/2/2019,127.980003
5/3/2019,127.360001
5/6/2019,126.389999
5/7/2019,126.459999
5/8/2019,125.440002
5/9/2019,124.290001
5/10/2019,124.910004
5/13/2019,124.110001
5/14/2019,123.870003
5/15/2019,124.260002
5/16/2019,126.75
5/17/2019,128.309998
5/20/2019,126.519997
5/21/2019,127.43
5/22/2019,126.620003
5/23/2019,126.199997
5/24/2019,126.910004
5/28/2019,126.980003
5/29/2019,125.379997
5/30/2019,125.260002
5/31/2019,124.230003
6/3/2019,123.849998
6/4/2019,121.279999
6/5/2019,124.949997
6/6/2019,126.440002
6/7/2019,129.190002
6/10/2019,132.399994
6/11/2019,133.880005
6/12/2019,131.399994
6/13/2019,131.979996
6/14/2019,132.259995
6/17/2019,132.630005
6/18/2019,134.190002
6/19/2019,135
6/20/2019,137.449997
6/21/2019,136.580002
6/24/2019,137
6/25/2019,137.25
6/26/2019,134.350006
6/27/2019,134.139999
6/28/2019,134.570007
7/1/2019,136.630005
7/2/2019,136.119995
7/3/2019,136.800003
7/5/2019,135.940002
7/8/2019,136.399994
7/9/2019,136
7/10/2019,137.130005
7/11/2019,138.199997
7/12/2019,138.850006
7/15/2019,139.440002
7/16/2019,138.960007
7/17/2019,137.699997
7/18/2019,135.550003
7/19/2019,140.220001
7/22/2019,137.410004
7/23/2019,139.759995
7/24/2019,138.899994
7/25/2019,140.429993
7/26/2019,140.369995
7/29/2019,141.5
7/30/2019,140.139999
7/31/2019,140.330002
8/1/2019,137
8/2/2019,138.089996
8/5/2019,133.300003
8/6/2019,133.800003
8/7/2019,133.789993
8/8/2019,136.600006
8/9/2019,138.610001
8/12/2019,137.070007
8/13/2019,136.050003
8/14/2019,136.360001
8/15/2019,134.389999
8/16/2019,134.880005
8/19/2019,137.850006
8/20/2019,138.210007
8/21/2019,138.550003
8/22/2019,138.660004
8/23/2019,137.190002
8/26/2019,134.990005
8/27/2019,136.389999
8/28/2019,134.880005
8/29/2019,137.25
8/30/2019,139.149994
9/3/2019,136.610001
9/4/2019,137.300003
9/5/2019,139.110001
9/6/2019,140.029999
9/9/2019,139.589996
9/10/2019,136.800003
9/11/2019,135.910004
9/12/2019,137.850006
9/13/2019,137.779999
9/16/2019,135.830002
9/17/2019,136.960007
9/18/2019,137.360001
9/19/2019,140.300003
9/20/2019,141.009995
9/23/2019,139.229996
9/24/2019,140.360001
9/25/2019,137.5
9/26/2019,139.440002
9/27/2019,140.149994
9/30/2019,138.050003
10/1/2019,139.660004
10/2/2019,136.25
10/3/2019,134.949997
10/4/2019,136.75
10/7/2019,137.139999
10/8/2019,137.080002
10/9/2019,137.460007
10/10/2019,138.490005
10/11/2019,140.119995
10/14/2019,139.690002
10/15/2019,140.059998
10/16/2019,140.789993
10/17/2019,140.949997
10/18/2019,139.759995
10/21/2019,138.449997
10/22/2019,138.970001
10/23/2019,136.880005
10/24/2019,139.389999
10/25/2019,139.339996
10/28/2019,144.399994
10/29/2019,144.080002
10/30/2019,143.520004
10/31/2019,144.899994
11/1/2019,144.259995
11/4/2019,144.830002
11/5/2019,144.970001
11/6/2019,144.369995
11/7/2019,143.839996
11/8/2019,143.979996
11/11/2019,145.339996
11/12/2019,146.279999
11/13/2019,146.740005
11/14/2019,147.020004
11/15/2019,148.929993
11/18/2019,150.070007
11/19/2019,150.880005
11/20/2019,150.309998
11/21/2019,149.399994
11/22/2019,150.070007
11/25/2019,150
11/26/2019,151.360001
11/27/2019,152.330002
11/29/2019,152.100006
12/2/2019,151.809998
12/3/2019,147.490005
12/4/2019,150.139999
12/5/2019,150.050003
12/6/2019,150.990005
12/9/2019,151.070007
12/10/2019,151.289993
12/11/2019,151.539993
12/12/2019,151.649994
12/13/2019,153
12/16/2019,155.110001
12/17/2019,155.449997
12/18/2019,154.300003
12/19/2019,154
12/20/2019,157.350006
12/23/2019,158.119995
12/24/2019,157.479996
12/26/2019,157.559998
12/27/2019,159.449997
12/30/2019,158.990005
12/31/2019,156.770004
1/2/2020,158.779999
1/3/2020,158.320007
1/6/2020,157.080002
1/7/2020,159.320007
1/8/2020,158.929993
1/9/2020,161.839996
1/10/2020,162.820007
1/13/2020,161.759995
1/14/2020,163.389999
1/15/2020,162.619995
1/16/2020,164.350006
1/17/2020,167.419998
1/21/2020,166.679993
1/22/2020,167.399994
1/23/2020,166.190002
1/24/2020,167.509995
1/27/2020,161.149994
1/28/2020,163.779999
1/29/2020,167.839996
1/30/2020,174.050003
1/31/2020,172.210007
2/3/2020,170.429993
2/4/2020,177.139999
2/5/2020,184.029999
2/6/2020,180.970001
2/7/2020,182.850006
2/10/2020,183.580002
2/11/2020,190.649994
2/12/2020,185.580002
2/13/2020,183.080002
2/14/2020,183.25
2/18/2020,185.610001
2/19/2020,188.059998
2/20/2020,186.949997
2/21/2020,183.169998
2/24/2020,167.770004
2/25/2020,174.199997
2/26/2020,169.710007
2/27/2020,163.320007
2/28/2020,152.410004
3/2/2020,165.309998
3/3/2020,173.800003
3/4/2020,168.490005
3/5/2020,166.050003
3/6/2020,162.610001
3/9/2020,151
3/10/2020,158.160004
3/11/2020,157.130005
3/12/2020,145.300003
3/13/2020,147.5
3/16/2020,140
3/17/2020,140
3/18/2020,138
3/19/2020,142.770004
3/20/2020,146
3/23/2020,137.009995
3/24/2020,143.75
3/25/2020,148.910004
3/26/2020,148.399994
3/27/2020,151.75
3/30/2020,152.440002
3/31/2020,159.399994
4/1/2020,153
4/2/2020,151.860001
4/3/2020,155.100006
4/6/2020,160.320007
4/7/2020,169.589996
4/8/2020,165.669998
4/9/2020,166.360001
4/13/2020,164.350006
4/14/2020,169
4/15/2020,171.199997
4/16/2020,174.300003
4/17/2020,179.5
4/20/2020,176.630005
4/21/2020,173.5
4/22/2020,171.389999
4/23/2020,174.110001
4/24/2020,172.059998
4/27/2020,176.589996
4/28/2020,175.589996
4/29/2020,173.220001
4/30/2020,180
5/1/2020,175.800003
5/4/2020,174.490005
5/5/2020,180.619995
5/6/2020,182.080002
5/7/2020,184.169998
5/8/2020,184.979996
5/11/2020,183.149994
5/12/2020,186.800003
5/13/2020,182.550003
5/14/2020,177.539993
5/15/2020,179.059998
5/18/2020,185.75
5/19/2020,185.029999
5/20/2020,184.809998
5/21/2020,185.399994
5/22/2020,183.190002
5/26/2020,186.339996
5/27/2020,180.199997
5/28/2020,180.740005
5/29/2020,182.729996
6/1/2020,182.539993
6/2/2020,184.25
6/3/2020,184.820007
6/4/2020,184.300003
6/5/2020,182.619995
6/8/2020,185.940002
6/9/2020,188
6/10/2020,191.130005
6/11/2020,193.130005
6/12/2020,190.539993
6/15/2020,184.580002
6/16/2020,192.889999
6/17/2020,195.029999
6/18/2020,194
6/19/2020,198.589996
6/22/2020,195.789993
6/23/2020,202.089996
6/24/2020,201.600006
6/25/2020,197.800003
6/26/2020,199.729996
6/29/2020,195.779999
6/30/2020,197.880005
7/1/2020,203.139999
7/2/2020,205.679993
7/6/2020,208.830002
7/7/2020,210.449997
7/8/2020,210.070007
7/9/2020,216.330002
7/10/2020,213.619995
7/13/2020,214.479996
7/14/2020,206.130005
7/15/2020,209.559998
7/16/2020,205.399994
7/17/2020,204.470001
7/20/2020,205
7/21/2020,213.660004
7/22/2020,209.199997
7/23/2020,207.190002
7/24/2020,200.419998
7/27/2020,201.470001
7/28/2020,203.610001
7/29/2020,202.5
7/30/2020,201
7/31/2020,204.399994
8/3/2020,211.520004
8/4/2020,214.169998
8/5/2020,214.899994
8/6/2020,212.339996
8/7/2020,214.850006
8/10/2020,211.669998
8/11/2020,207.160004
8/12/2020,205.289993
8/13/2020,209.440002
8/14/2020,208.759995
8/17/2020,209.600006
8/18/2020,210.529999
8/19/2020,211.490005
8/20/2020,209.539993
8/21/2020,213.860001
8/24/2020,214.789993
8/25/2020,213.100006
8/26/2020,217.880005
8/27/2020,222.889999
8/28/2020,228.179993
8/31/2020,227
9/1/2020,225.509995
9/2/2020,227.970001
9/3/2020,229.270004
9/4/2020,215.100006
9/8/2020,206.5
9/9/2020,207.600006
9/10/2020,213.399994
9/11/2020,207.199997
9/14/2020,204.240005
9/15/2020,208.419998
9/16/2020,210.619995
9/17/2020,200.050003
9/18/2020,202.800003
9/21/2020,197.190002
9/22/2020,205.059998
9/23/2020,207.899994
9/24/2020,199.850006
9/25/2020,203.550003
9/28/2020,210.880005
9/29/2020,209.350006
9/30/2020,207.729996
10/1/2020,213.490005
10/2/2020,208
10/5/2020,207.220001
10/6/2020,208.820007
10/7/2020,207.059998
10/8/2020,210.509995
10/9/2020,211.229996
10/12/2020,218.789993
10/13/2020,222.720001
10/14/2020,223
10/15/2020,217.100006
10/16/2020,220.149994
10/19/2020,220.419998
10/20/2020,215.800003
10/21/2020,213.119995
10/22/2020,213.929993
10/23/2020,215.029999
10/26/2020,213.850006
10/27/2020,211.589996
10/28/2020,207.669998
10/29/2020,204.070007
10/30/2020,203.5
11/2/2020,204.289993
11/3/2020,203.889999
11/4/2020,214.020004
11/5/2020,222.039993
11/6/2020,222.259995
11/9/2020,224.440002
11/10/2020,214.5
11/11/2020,212.389999
11/12/2020,217.210007
11/13/2020,216.360001
11/16/2020,214.869995
11/17/2020,216.100006
11/18/2020,213.649994
11/19/2020,211.380005
11/20/2020,212.199997
11/23/2020,210.949997
11/24/2020,209.589996
11/25/2020,215.110001
11/27/2020,214.850006
11/30/2020,214.100006
12/1/2020,214.509995
12/2/2020,214.880005
12/3/2020,214.610001
12/4/2020,214.220001
12/7/2020,214.369995
12/8/2020,213.970001
12/9/2020,215.160004
12/10/2020,211.770004
12/11/2020,210.050003
12/14/2020,213.100006
12/15/2020,215.169998
12/16/2020,214.75
12/17/2020,219.869995
12/18/2020,218.589996
12/21/2020,217.550003
12/22/2020,222.690002
12/23/2020,223.110001
12/24/2020,221.419998
12/28/2020,224.449997
12/29/2020,226.309998
12/30/2020,225.229996
12/31/2020,221.699997
1/4/2021,222.529999
1/5/2021,217.259995
1/6/2021,212.169998
1/7/2021,214.039993
1/8/2021,218.679993
1/11/2021,218.470001
1/12/2021,216.5
1/13/2021,214.020004
1/14/2021,215.910004
1/15/2021,213.520004
1/19/2021,213.75
1/20/2021,217.699997
1/21/2021,224.699997
1/22/2021,227.080002
1/25/2021,229.119995
1/26/2021,231.860001
1/27/2021,238
1/28/2021,235.610001
1/29/2021,235.990005
2/1/2021,235.059998
2/2/2021,241.300003
2/3/2021,239.570007
2/4/2021,242.660004
2/5/2021,242.229996
2/8/2021,243.149994
2/9/2021,241.869995
2/10/2021,245
2/11/2021,244.779999
2/12/2021,243.929993
2/16/2021,245.029999
2/17/2021,241.320007
2/18/2021,241.800003
2/19/2021,243.75
2/22/2021,237.419998
2/23/2021,230.330002
2/24/2021,230.009995
2/25/2021,232.080002
2/26/2021,231.529999
3/1/2021,235.899994
3/2/2021,237.009995
3/3/2021,232.160004
3/4/2021,226.740005
3/5/2021,229.520004
3/8/2021,231.369995
3/9/2021,232.880005
3/10/2021,237
3/11/2021,234.960007
3/12/2021,234.009995
3/15/2021,234.960007
3/16/2021,236.279999
3/17/2021,236.149994
3/18/2021,232.559998
3/19/2021,231.020004
3/22/2021,230.270004
3/23/2021,237.490005
3/24/2021,237.850006
3/25/2021,235.300003
3/26/2021,231.550003
3/29/2021,236.589996
3/30/2021,233.529999
3/31/2021,232.910004
4/1/2021,238.470001
4/5/2021,242.759995
4/6/2021,247.610001
4/7/2021,247.809998
4/8/2021,252.770004
4/9/2021,252.869995
4/12/2021,254.710007
4/13/2021,257.26001
4/14/2021,257.480011
4/15/2021,257.929993
4/16/2021,259.470001
4/19/2021,260.190002
4/20/2021,257.820007
4/21/2021,258.940002
4/22/2021,260.209991
4/23/2021,257.880005
4/26/2021,261.660004
4/27/2021,261.579987
4/28/2021,256.079987
4/29/2021,255.460007
4/30/2021,249.740005
